source,wind_speed_kn,wind_gust_kn,wind_dir_deg,wind_dir_txt
ALADIN 2.3 km,10.0,16.7,262.0,W
AROME-AT 2.5 km,4.9,,323.0,NW
AROME-FR 1.3 km,3.1,15.1,339.0,NNW
GDPS 15 km,3.9,8.1,211.0,SSW
GFS 13 km,7.6,12.5,216.0,SW
HARM-DK 2 km,5.6,11.6,357.0,N
HARMONIE 5 km,5.1,11.6,346.0,NNW
ICON 13 km,5.5,,223.0,SW
ICON 2.2 km,6.5,0.0,204.0,SSW
ICON 7 km,5.1,17.2,324.0,NW
ICON-2I 2.2 km,9.5,19.1,220.0,SW
ICON-CH 1 km,12.1,22.4,318.0,NW
IFS-HRES 9 km,0.5,4.0,143.0,SO
UKV 2 km,7.4,14.8,302.0,WNW
WRF 9 km,2.6,4.9,212.0,SSW
Zephr-HD 2.6 km,1.7,3.3,200.0,SSW
WSA-Ipsach (measured),2.5,4.6,180.0,S
